X,Y,Z
160,447,37
164,401,37
197,353,37
230,321,37
256,297,37
198,359,37
268,340,37
259,353,37
237,364,37
205,394,37
283,375,37
267,385,37
243,394,37
214,430,37
286,411,37
268,419,37
245,425,37
222,463,37
279,448,37
265,449,37
243,451,37
425,465,37
413,421,37
387,372,37
359,336,37
342,301,37
407,352,37
336,338,37
321,360,37
329,374,37
409,384,37
327,371,37
318,394,37
331,407,37
404,420,37
325,409,37
325,428,37
344,438,37
394,454,37
331,445,37
334,453,37
355,457,37
159,450,37
165,405,37
201,357,37
237,325,37
266,299,37
198,357,37
271,340,37
262,355,37
239,366,37
204,392,37
283,374,37
267,386,37
242,395,37
211,428,37
285,412,37
266,420,37
241,424,37
220,463,37
280,447,37
264,451,37
240,454,37
421,467,37
405,421,37
376,373,37
344,339,37
323,305,37
405,353,37
333,341,37
319,365,37
329,379,37
407,385,37
323,371,37
314,395,37
328,406,37
402,421,37
321,410,37
321,430,37
342,438,37
392,457,37
325,447,37
330,457,37
353,460,37
157,453,37
164,407,37
198,358,37
232,326,37
259,300,37
198,358,37
271,341,37
261,357,37
238,369,37
204,392,37
285,376,37
267,390,37
242,397,37
211,429,37
286,413,37
267,422,37
242,426,37
220,463,37
280,447,37
263,452,37
239,455,37
422,467,37
406,421,37
379,372,37
351,336,37
332,302,37
407,353,37
334,340,37
320,364,37
329,377,37
408,385,37
326,372,37
317,396,37
329,407,37
403,422,37
322,410,37
322,431,37
341,439,37
392,457,37
325,446,37
329,458,37
351,462,37
155,455,37
162,408,37
192,355,37
219,319,37
246,292,37
198,357,37
271,342,37
258,355,37
234,366,37
204,393,37
284,377,37
266,388,37
240,396,37
212,429,37
285,414,37
265,422,37
240,426,37
221,463,37
280,448,37
262,452,37
237,456,37
421,465,37
409,419,37
385,369,37
363,331,37
349,294,37
407,354,37
336,340,37
323,363,37
333,376,37
409,386,37
327,371,37
317,395,37
329,407,37
403,423,37
323,411,37
322,431,37
342,439,37
392,458,37
325,447,37
329,457,37
352,461,37
153,459,37
157,411,37
182,356,37
204,318,37
218,285,37
195,358,37
269,341,37
257,354,37
232,365,37
202,394,37
283,376,37
265,387,37
238,395,37
210,430,37
284,414,37
264,421,37
238,426,37
219,464,37
280,448,37
262,452,37
237,456,37
427,468,37
418,422,37
399,371,37
384,332,37
379,295,37
410,354,37
337,340,37
324,365,37
335,379,37
410,386,37
327,372,37
318,395,37
332,407,37
405,423,37
324,412,37
323,431,37
344,440,37
394,459,37
326,448,37
331,457,37
355,462,37
152,461,37
155,411,37
179,355,37
195,317,37
202,285,37
193,358,37
268,342,37
256,354,37
231,364,37
201,394,37
282,376,37
264,387,37
238,394,37
210,430,37
284,413,37
264,421,37
239,426,37
221,464,37
282,447,37
264,452,37
239,456,37
424,468,37
416,422,37
400,369,37
389,329,37
390,295,37
411,354,37
338,340,37
327,363,37
338,378,37
412,386,37
328,370,37
319,394,37
333,405,37
406,423,37
324,410,37
324,430,37
345,439,37
395,460,37
327,449,37
333,458,37
357,462,37
152,464,37
155,413,37
177,356,37
192,318,37
198,285,37
194,360,37
269,343,37
256,357,37
231,367,37
202,395,37
282,377,37
264,389,37
238,398,37
212,431,37
286,414,37
266,422,37
241,428,37
222,465,37
282,448,37
264,453,37
239,457,37
424,471,37
415,424,37
400,370,37
391,330,37
396,295,37
412,354,37
340,341,37
326,365,37
335,379,37
412,387,37
328,371,37
318,394,37
330,406,37
406,425,37
324,411,37
324,431,37
345,440,37
395,461,37
326,448,37
332,458,37
356,462,37
152,463,37
154,412,37
177,356,37
193,318,37
197,284,37
195,360,37
269,343,37
256,356,37
231,366,37
202,396,37
282,377,37
264,388,37
238,396,37
212,431,37
286,414,37
266,421,37
241,427,37
222,465,37
283,447,37
265,452,37
239,456,37
426,471,37
416,424,37
401,371,37
391,330,37
395,295,37
412,355,37
339,342,37
327,365,37
337,379,37
412,388,37
328,372,37
319,395,37
332,406,37
405,425,37
324,412,37
324,431,37
345,440,37
395,462,37
327,449,37
333,459,37
357,463,37
152,464,37
155,413,37
179,356,37
197,317,37
203,283,37
194,359,37
269,343,37
257,356,37
232,366,37
201,395,37
282,377,37
265,389,37
239,397,37
211,431,37
285,414,37
266,422,37
241,427,37
222,465,37
283,448,37
265,453,37
239,457,37
425,471,37
414,424,37
396,371,37
382,331,37
379,294,37
410,354,37
337,342,37
325,365,37
335,379,37
411,387,37
327,372,37
317,395,37
330,408,37
406,425,37
324,412,37
322,432,37
343,441,37
396,462,37
327,450,37
332,460,37
355,464,37
152,461,37
155,412,37
182,356,37
205,317,37
218,282,37
194,358,37
269,343,37
256,355,37
231,365,37
202,394,37
281,377,37
264,387,37
239,395,37
212,431,37
284,413,37
265,421,37
241,426,37
222,464,37
282,447,37
265,452,37
240,456,37
426,468,37
416,422,37
395,370,37
376,331,37
365,294,37
408,354,37
337,340,37
324,363,37
333,378,37
409,387,37
328,371,37
316,394,37
327,407,37
404,424,37
325,412,37
323,432,37
343,440,37
394,460,37
327,450,37
331,459,37
354,463,37
154,459,37
159,410,37
192,358,37
224,321,37
251,294,37
195,357,37
271,342,37
260,355,37
235,366,37
203,393,37
282,376,37
266,388,37
242,395,37
212,430,37
285,413,37
265,422,37
242,427,37
222,464,37
282,447,37
265,454,37
241,458,37
423,466,37
408,419,37
381,371,37
354,335,37
336,301,37
408,353,37
336,340,37
321,363,37
329,377,37
409,385,37
326,372,37
316,395,37
328,406,37
403,422,37
323,411,37
324,430,37
344,438,37
394,458,37
327,447,37
332,457,37
355,461,37
154,456,37
163,409,37
199,359,37
235,325,37
263,298,37
197,356,37
273,340,37
262,356,37
238,367,37
202,392,37
284,375,37
267,389,37
242,396,37
210,429,37
285,413,37
265,422,37
241,426,37
220,465,37
279,448,37
261,453,37
236,457,37
422,467,37
401,420,37
369,375,37
336,344,37
312,312,37
408,351,37
335,341,37
318,364,37
324,379,37
410,385,37
327,370,37
314,393,37
325,406,37
405,422,37
324,409,37
321,428,37
339,436,37
394,457,37
328,445,37
331,454,37
353,458,37
156,456,37
164,409,37
201,360,37
238,327,37
266,300,37
197,355,37
273,341,37
263,357,37
240,368,37
202,391,37
285,376,37
268,389,37
243,396,37
210,428,37
286,413,37
266,422,37
242,426,37
220,464,37
280,447,37
262,453,37
238,456,37
424,466,37
402,420,37
370,375,37
335,345,37
310,315,37
409,352,37
337,342,37
319,365,37
325,380,37
411,385,37
328,371,37
316,394,37
327,406,37
406,422,37
324,409,37
323,428,37
341,437,37
395,458,37
328,444,37
331,454,37
353,459,37
156,456,37
164,408,37
201,358,37
237,325,37
267,300,37
198,354,37
273,341,37
262,356,37
239,366,37
203,390,37
284,374,37
267,388,37
243,395,37
211,428,37
285,412,37
266,421,37
242,425,37
220,463,37
279,447,37
262,452,37
238,456,37
422,467,37
401,420,37
371,375,37
338,344,37
315,313,37
412,353,37
340,341,37
320,363,37
325,380,37
414,386,37
331,370,37
317,393,37
326,406,37
408,423,37
326,409,37
324,427,37
342,437,37
397,459,37
330,444,37
333,454,37
355,459,37
155,456,37
162,408,37
199,358,37
235,325,37
263,299,37
197,354,37
272,339,37
262,355,37
239,366,37
203,389,37
284,374,37
267,388,37
243,395,37
211,427,37
285,411,37
266,421,37
242,424,37
221,462,37
279,445,37
262,451,37
238,454,37
425,464,37
402,417,37
373,372,37
343,340,37
321,308,37
413,352,37
339,341,37
321,364,37
328,380,37
415,386,37
331,372,37
319,395,37
331,408,37
409,423,37
327,410,37
325,429,37
344,438,37
398,458,37
330,444,37
332,454,37
355,459,37
153,455,37
160,406,37
189,352,37
215,315,37
236,283,37
197,355,37
272,340,37
259,353,37
234,364,37
204,391,37
284,375,37
266,386,37
240,394,37
212,428,37
285,412,37
265,420,37
240,424,37
221,462,37
280,446,37
262,450,37
237,454,37
427,462,37
416,418,37
392,369,37
367,332,37
353,295,37
410,353,37
337,340,37
324,363,37
335,377,37
411,386,37
328,372,37
319,395,37
332,407,37
406,423,37
325,412,37
326,432,37
347,440,37
397,459,37
329,449,37
333,458,37
357,462,37
154,456,37
157,406,37
180,351,37
196,314,37
201,281,37
195,355,37
270,336,37
258,351,37
233,362,37
201,391,37
283,373,37
265,385,37
238,393,37
210,427,37
284,410,37
264,419,37
238,424,37
219,462,37
280,444,37
263,449,37
238,454,37
427,466,37
419,420,37
401,368,37
388,329,37
388,294,37
412,354,37
340,341,37
325,364,37
335,379,37
413,387,37
328,372,37
317,396,37
330,408,37
407,424,37
325,413,37
326,433,37
347,441,37
396,460,37
329,451,37
335,459,37
359,463,37
152,458,37
155,407,37
178,350,37
191,312,37
193,280,37
194,355,37
269,338,37
257,352,37
232,363,37
202,391,37
281,372,37
264,384,37
237,392,37
211,428,37
284,409,37
265,417,37
240,423,37
221,461,37
281,444,37
264,448,37
238,452,37
429,469,37
421,423,37
404,370,37
394,330,37
397,295,37
413,354,37
341,341,37
327,365,37
336,379,37
414,387,37
330,371,37
318,396,37
331,408,37
408,425,37
327,412,37
325,432,37
345,441,37
398,462,37
330,450,37
334,459,37
358,464,37
153,460,37
155,408,37
176,351,37
189,313,37
189,280,37
193,357,37
267,338,37
256,352,37
231,363,37
201,392,37
281,373,37
264,385,37
237,394,37
211,428,37
286,409,37
266,417,37
241,423,37
221,461,37
282,443,37
264,448,37
238,452,37
427,471,37
421,424,37
408,370,37
400,329,37
406,295,37
417,355,37
345,340,37
329,363,37
338,379,37
417,388,37
333,370,37
320,395,37
331,408,37
411,425,37
330,411,37
326,430,37
345,440,37
400,462,37
333,450,37
336,459,37
359,463,37
152,458,37
155,406,37
177,351,37
192,312,37
194,278,37
195,356,37
267,337,37
256,351,37
231,363,37
203,392,37
281,373,37
264,384,37
237,393,37
212,428,37
285,409,37
266,417,37
240,423,37
221,461,37
281,444,37
263,447,37
237,452,37
429,473,37
418,425,37
404,370,37
398,328,37
405,293,37
418,354,37
346,341,37
330,365,37
338,379,37
419,388,37
334,372,37
323,395,37
334,409,37
412,425,37
329,412,37
328,432,37
348,442,37
401,462,37
332,449,37
336,458,37
360,464,37
154,459,37
158,408,37
186,353,37
211,315,37
226,282,37
195,355,37
269,338,37
257,351,37
232,361,37
202,391,37
282,373,37
265,383,37
240,392,37
212,427,37
286,410,37
267,417,37
243,422,37
222,461,37
282,443,37
264,448,37
239,452,37
431,474,37
418,426,37
398,372,37
382,331,37
379,293,37
415,355,37
342,341,37
325,365,37
334,380,37
416,387,37
333,371,37
319,395,37
329,409,37
410,425,37
329,413,37
325,433,37
345,443,37
400,461,37
332,450,37
334,460,37
357,465,37
157,452,37
162,403,37
195,352,37
228,316,37
258,292,37
196,351,37
272,336,37
262,351,37
238,362,37
203,389,37
283,372,37
267,384,37
244,392,37
212,426,37
285,409,37
266,418,37
242,422,37
222,461,37
281,444,37
264,449,37
240,452,37
426,472,38
408,422,38
381,372,38
353,336,38
336,301,38
413,353,38
340,340,38
321,365,38
327,381,38
415,387,38
331,373,38
316,397,38
325,410,38
409,424,38
327,412,38
323,433,38
341,442,38
400,460,38
332,450,38
333,460,38
355,462,38
157,452,38
164,406,38
199,356,38
234,322,38
263,297,38
199,351,38
274,337,38
265,353,38
242,364,38
205,386,38
285,371,38
269,386,38
244,393,38
213,423,38
286,409,38
267,419,38
243,423,38
222,459,38
280,444,38
263,450,38
238,453,38
424,472,38
401,422,38
371,374,38
341,340,38
318,309,38
409,352,38
337,343,38
318,367,38
323,383,38
413,386,38
331,372,38
316,397,38
325,411,38
409,423,38
329,412,38
324,432,38
342,442,38
400,459,38
333,448,38
333,458,38
355,462,38
157,450,38
164,403,38
201,354,38
236,322,38
265,298,38
200,351,38
274,337,38
263,352,38
241,363,38
205,386,38
285,372,38
268,385,38
244,392,38
213,424,38
286,409,38
266,418,38
242,422,38
222,459,38
280,443,38
262,448,38
238,451,38
424,471,38
396,423,38
364,377,38
331,347,38
305,318,38
407,350,38
336,342,38
317,369,38
323,387,38
412,384,38
331,373,38
314,401,38
324,415,38
410,421,38
329,412,38
322,434,38
339,443,38
402,458,38
334,448,38
331,459,38
352,463,38
155,449,38
165,403,38
202,355,38
238,324,38
266,297,38
200,350,38
273,334,38
264,352,38
241,364,38
205,385,38
285,370,38
269,384,38
245,392,38
212,422,38
287,407,38
267,417,38
243,421,38
220,458,38
279,443,38
262,448,38
238,451,38
423,471,37
395,424,37
360,380,37
325,352,37
296,326,37
405,351,37
335,342,37
317,371,37
324,389,37
410,383,37
329,373,37
313,401,37
323,416,37
407,421,37
328,412,37
320,435,37
337,444,37
400,457,37
333,448,37
330,459,37
350,463,37
157,450,38
166,404,38
203,355,38
239,324,38
266,298,38
200,351,38
274,336,38
264,353,38
242,365,38
204,386,38
286,371,38
269,386,38
245,393,38
212,423,38
287,409,38
267,418,38
243,422,38
220,459,38
280,443,38
263,448,38
239,451,38
422,471,38
395,422,38
364,377,38
332,346,38
307,315,38
405,351,38
334,345,38
312,370,38
317,388,38
411,385,38
329,374,38
311,401,38
319,416,38
409,422,38
328,412,38
319,434,38
336,444,38
402,458,38
333,448,38
330,459,38
349,463,38
155,451,38
163,405,38
199,355,38
232,322,38
256,292,38
200,352,38
273,337,38
262,354,38
239,365,38
205,387,38
284,372,38
267,386,38
243,393,38
213,424,38
286,408,38
266,418,38
242,422,38
222,459,38
280,442,38
263,447,38
239,451,38
423,465,38
404,418,38
383,370,38
363,333,38
352,297,38
406,351,38
336,340,38
319,364,38
326,381,38
411,383,38
330,372,38
314,399,38
323,412,38
409,421,38
328,411,38
320,433,38
338,442,38
402,457,38
333,449,38
330,459,38
350,463,38
154,453,37
163,405,37
194,352,37
220,315,37
242,283,37
200,352,37
272,338,37
261,352,37
236,363,37
205,387,37
284,373,37
267,385,37
241,393,37
212,424,37
285,409,37
266,418,37
240,423,37
221,460,37
279,444,37
262,449,37
237,453,37
426,468,38
412,421,38
394,371,38
378,332,38
370,295,38
410,353,38
339,342,38
320,366,38
326,383,38
414,385,38
332,372,38
314,397,38
322,412,38
410,422,38
330,413,38
322,434,38
339,443,38
402,458,38
333,449,38
332,459,38
353,462,38
155,452,37
158,403,37
183,348,37
202,309,37
209,275,37
198,354,37
271,335,37
260,349,37
235,361,37
204,390,37
284,372,37
267,383,37
240,390,37
212,426,37
285,410,37
265,417,37
240,421,37
221,461,37
281,443,37
263,447,37
238,451,37
428,470,38
415,422,38
400,371,38
392,332,38
395,297,38
415,352,38
344,340,38
324,364,38
329,381,38
418,385,38
335,370,38
316,396,38
324,412,38
414,423,38
333,410,38
324,431,38
341,442,38
405,460,38
336,449,38
335,458,38
356,462,38
154,455,37
158,404,37
179,349,37
191,312,37
193,279,37
197,355,37
271,338,37
258,352,37
233,363,37
204,391,37
283,373,37
265,384,37
238,392,37
212,427,37
285,410,37
266,418,37
241,423,37
222,461,37
281,445,37
264,449,37
239,452,37
426,471,37
413,422,37
401,369,37
397,330,37
404,296,37
415,352,37
345,341,37
327,365,37
333,380,37
417,385,37
335,370,37
319,395,37
327,409,37
413,423,37
332,410,37
325,431,37
343,441,37
403,460,37
335,448,37
335,457,37
357,462,37
156,458,37
158,407,37
178,350,37
190,313,37
191,280,37
196,358,37
270,339,37
258,353,37
233,363,37
204,393,37
284,374,37
266,386,37
238,395,37
212,429,37
286,412,37
267,419,37
241,425,37
222,463,37
281,446,37
263,451,37
237,454,37
425,473,38
412,423,38
401,370,38
397,331,38
405,297,38
415,353,38
345,341,38
325,365,38
330,381,38
417,386,38
335,371,38
317,395,38
325,410,38
412,424,38
331,411,38
324,431,38
341,442,38
402,461,38
334,448,38
334,457,38
356,463,38
154,458,37
157,407,37
179,350,37
193,312,37
194,278,37
196,358,37
269,340,37
258,354,37
233,364,37
203,394,37
283,375,37
266,386,37
239,394,37
211,430,37
286,412,37
268,419,37
243,425,37
221,463,37
281,447,37
264,450,37
238,454,37
428,475,37
412,426,37
398,372,37
390,333,37
394,297,37
412,353,37
339,343,37
323,368,37
330,382,37
415,385,37
331,373,37
317,398,37
327,412,37
412,423,37
328,413,37
323,435,37
342,444,37
403,461,37
333,450,37
333,460,37
355,465,37
155,457,37
159,406,37
188,351,37
211,314,37
224,280,37
196,356,37
270,340,37
258,353,37
233,363,37
202,392,37
283,374,37
266,385,37
240,393,37
211,429,37
286,412,37
267,419,37
243,424,37
221,462,37
281,446,37
264,450,37
239,454,37
425,473,37
409,423,37
387,373,37
365,334,37
354,298,37
408,352,37
337,341,37
319,367,37
326,383,37
411,384,37
330,372,37
313,399,37
322,414,37
408,422,37
328,412,37
320,434,37
337,445,37
400,459,37
331,450,37
329,460,37
350,464,37
155,452,38
161,404,38
194,353,38
225,319,38
252,292,38
198,353,38
272,340,38
261,353,38
236,363,38
204,390,38
283,374,38
266,386,38
243,393,38
213,427,38
285,411,38
265,420,38
242,424,38
222,462,38
281,445,38
264,450,38
240,454,38
424,474,38
403,424,38
376,375,38
350,338,38
332,303,38
407,352,38
335,343,38
316,368,38
322,384,38
411,385,38
330,372,38
313,399,38
321,413,38
408,422,38
327,411,38
320,433,38
337,443,38
400,459,38
332,449,38
330,460,38
351,464,38
157,450,38
166,403,38
202,356,38
239,325,38
268,302,38
201,353,38
275,338,38
265,355,38
242,366,38
205,388,38
285,372,38
269,386,38
245,394,38
213,425,38
286,410,38
267,419,38
244,424,38
221,461,38
281,446,38
263,451,38
240,454,38
421,476,38
396,426,38
364,380,38
330,349,38
303,321,38
403,352,38
331,345,38
314,372,38
321,387,38
408,384,38
327,375,38
311,401,38
320,415,38
405,422,38
326,413,38
318,435,38
335,445,38
398,459,38
330,450,38
327,460,38
347,464,38
156,453,38
166,407,38
202,359,38
239,328,38
269,305,38
200,354,38
273,337,38
265,356,38
242,369,38
205,388,38
285,372,38
269,389,38
244,397,38
213,424,38
286,410,38
268,421,38
244,426,38
221,460,38
279,446,38
262,452,38
238,455,38
421,477,37
395,428,37
361,382,37
327,351,37
299,324,37
403,353,37
332,345,37
313,372,37
320,390,37
408,386,37
326,375,37
309,403,37
319,416,37
404,424,37
324,414,37
316,436,37
333,445,37
396,460,37
329,450,37
326,462,37
346,466,37
155,451,38
164,404,38
202,356,38
238,325,38
269,304,38
199,354,38
273,338,38
263,356,38
240,367,38
204,389,38
285,373,38
268,388,38
243,396,38
212,427,38
286,411,38
267,421,38
243,425,38
220,462,38
280,446,38
263,451,38
238,455,38
421,478,38
396,429,38
363,383,38
330,352,38
305,321,38
403,354,38
332,346,38
312,372,38
318,390,38
408,387,38
326,376,38
308,403,38
317,417,38
405,424,38
324,414,38
315,437,38
331,447,38
397,461,38
329,450,38
325,462,38
345,467,38
156,455,38
164,409,38
201,360,38
238,328,38
268,304,38
198,355,38
272,337,38
263,357,38
240,369,38
203,389,38
284,372,38
268,389,38
243,398,38
211,426,38
286,410,38
266,422,38
242,427,38
219,461,38
278,446,38
261,453,38
237,456,38
421,476,38
398,426,38
368,379,38
337,345,38
314,312,38
404,354,38
333,346,38
312,371,38
316,387,38
409,387,38
327,375,38
309,401,38
317,415,38
405,424,38
324,413,38
316,435,38
332,445,38
397,461,38
329,450,38
327,461,38
346,465,38
156,456,38
162,409,38
196,358,38
229,323,38
255,295,38
197,354,38
272,338,38
262,355,38
239,367,38
203,389,38
284,373,38
267,387,38
242,395,38
212,426,38
286,410,38
266,421,38
242,425,38
221,462,38
281,445,38
263,451,38
239,455,38
423,471,37
410,423,37
389,373,37
368,335,37
355,298,37
406,353,37
336,343,37
317,366,37
324,382,37
409,386,37
329,373,37
310,399,37
318,413,37
405,424,37
325,412,37
316,434,37
332,444,37
396,461,37
328,451,37
326,460,37
346,464,37
154,456,37
159,406,37
186,352,37
210,314,37
228,282,37
197,355,37
271,341,37
259,353,37
235,364,37
204,392,37
284,375,37
266,386,37
240,394,37
213,429,37
285,412,37
266,419,37
241,424,37
222,463,37
280,445,37
263,449,37
239,453,37
425,473,37
413,425,37
396,373,37
387,333,37
389,298,37
411,354,37
339,342,37
322,366,37
329,381,37
413,387,37
330,371,37
314,396,37
323,410,37
408,426,37
327,412,37
320,432,37
336,442,37
398,464,37
329,451,37
329,460,37
351,465,37
152,458,37
156,408,37
182,352,37
203,313,37
216,280,37
194,357,37
269,339,37
258,352,37
233,363,37
202,393,37
282,374,37
265,385,37
239,393,37
212,429,37
284,412,37
265,418,37
240,423,37
222,463,37
282,445,37
265,449,37
240,453,37
424,474,37
412,425,37
398,372,37
391,333,37
394,297,37
412,354,37
341,343,37
324,367,37
331,382,37
414,387,37
332,372,37
315,397,37
323,412,37
409,425,37
327,412,37
320,433,37
336,444,37
399,463,37
330,451,37
330,460,37
351,465,37
152,461,37
156,410,37
180,353,37
198,314,37
206,281,37
195,358,37
269,342,37
257,354,37
231,364,37
203,393,37
282,376,37
264,386,37
238,394,37
212,430,37
285,412,37
265,420,37
240,426,37
222,464,37
283,447,37
265,451,37
240,455,37
426,476,38
413,427,38
399,373,38
393,332,38
398,297,38
412,354,38
341,343,38
324,368,38
332,383,38
414,387,38
332,372,38
316,397,38
325,411,38
409,425,38
328,412,38
322,433,38
339,443,38
399,463,38
331,451,38
332,461,38
354,466,38
152,461,37
155,411,37
178,355,37
193,316,37
198,283,37
196,360,37
270,343,37
257,356,37
232,366,37
204,395,37
282,377,37
265,388,37
239,396,37
213,431,37
286,414,37
266,421,37
241,427,37
223,465,37
283,448,37
265,452,37
240,456,37
425,478,37
413,429,37
399,375,37
392,333,37
398,298,37
411,355,37
339,343,37
323,370,37
332,384,37
412,387,37
329,372,37
314,398,37
324,412,37
407,426,37
326,412,37
320,434,37
338,444,37
398,463,37
330,452,37
331,462,37
353,466,37
153,462,37
157,413,37
184,356,37
205,316,37
214,281,37
195,359,37
269,343,37
257,356,37
232,366,37
202,395,37
282,377,37
265,388,37
240,397,37
212,431,37
285,414,37
267,421,37
243,427,37
222,464,37
282,448,37
264,452,37
239,456,37
426,479,37
413,429,37
390,376,37
368,336,37
356,297,37
407,356,37
334,345,37
316,371,37
324,387,37
409,388,37
327,375,37
311,401,37
320,416,37
404,425,37
324,416,37
318,437,37
336,446,37
396,462,37
329,454,37
328,464,37
348,467,37
154,458,37
159,409,37
191,356,37
220,320,37
243,290,37
196,357,37
272,342,37
259,355,37
234,365,37
203,394,37
282,376,37
265,388,37
241,396,37
212,430,37
284,413,37
264,422,37
240,427,37
222,464,37
281,448,37
263,453,37
238,457,37
423,479,37
403,428,37
376,377,37
350,341,37
332,306,37
405,354,37
333,345,37
313,370,37
318,386,37
408,387,37
325,377,37
308,402,37
316,415,37
404,425,37
324,415,37
316,436,37
332,446,37
397,462,37
329,452,37
325,463,37
344,467,37
155,456,38
163,409,38
198,359,38
234,325,38
267,303,38
198,356,38
274,341,38
265,358,38
241,369,38
203,391,38
284,376,38
269,390,38
244,398,38
212,428,38
285,414,38
266,424,38
242,428,38
221,464,38
280,449,38
262,455,38
237,459,38
420,478,37
396,427,37
366,378,37
335,344,37
311,312,37
403,353,37
330,347,37
311,373,37
316,389,37
407,387,37
324,378,37
308,405,37
316,418,37
404,424,37
323,416,37
315,438,37
331,448,37
397,461,37
329,452,37
326,464,37
345,468,37
155,455,38
165,408,38
204,361,38
243,331,38
274,307,38
201,357,38
275,343,38
266,358,38
243,369,38
206,392,38
286,377,38
270,391,38
245,399,38
213,429,38
287,414,38
268,424,38
244,428,38
221,464,38
281,449,38
263,454,38
239,458,38
421,481,38
395,431,38
362,384,38
328,352,38
301,323,38
400,355,38
327,349,38
310,376,38
317,392,38
405,388,38
323,378,38
307,405,38
316,418,38
402,425,38
322,417,38
314,439,38
330,448,38
395,462,38
327,453,38
324,464,38
344,468,38
154,455,38
165,408,38
203,361,38
240,330,38
271,307,38
200,358,38
274,342,38
264,359,38
241,370,38
204,392,38
284,376,38
267,392,38
242,400,38
211,429,38
286,414,38
266,424,38
242,429,38
219,464,38
279,450,38
261,455,38
237,459,38
422,479,37
398,429,37
365,382,37
331,350,37
302,321,37
402,355,37
329,349,37
310,375,37
315,391,37
406,388,37
323,379,37
307,405,37
315,418,37
403,426,37
321,416,37
314,438,37
329,448,37
396,463,37
327,454,37
324,465,37
342,469,37
154,455,38
164,408,38
202,360,38
239,329,38
269,305,38
199,357,38
273,340,38
264,358,38
240,370,38
203,391,38
284,375,38
268,391,38
243,399,38
210,429,38
285,413,38
266,423,38
241,428,38
219,464,38
278,449,38
261,455,38
236,459,38
421,477,37
396,428,37
364,381,37
332,349,37
308,316,37
402,355,37
331,348,37
309,373,37
313,390,37
407,388,37
325,379,37
307,405,37
315,418,37
404,426,37
323,416,37
315,438,37
331,449,37
397,463,37
328,453,37
325,464,37
343,469,37
154,455,38
163,409,38
198,359,38
231,325,38
259,297,38
198,356,38
272,341,38
262,357,38
239,369,38
203,391,38
284,376,38
267,390,38
242,398,38
211,429,38
286,413,38
266,423,38
242,428,38
219,464,38
279,448,38
262,454,38
237,457,38
423,473,37
404,425,37
378,377,37
353,340,37
336,305,37
404,355,37
333,345,37
311,367,37
314,384,37
407,388,37
326,377,37
308,402,37
316,415,37
403,425,37
323,416,37
316,436,37
332,446,37
395,462,37
328,454,37
327,464,37
345,468,37
151,458,38
158,410,38
187,355,38
213,318,38
233,286,38
198,357,38
271,342,38
260,356,38
235,367,38
205,393,38
284,378,38
266,389,38
239,397,38
213,429,38
285,414,38
265,422,38
239,427,38
220,464,38
279,448,38
261,453,38
236,457,38
423,477,38
412,430,38
393,377,38
379,337,38
374,300,38
407,357,38
337,345,38
316,368,38
321,385,38
409,389,38
327,375,38
309,400,38
317,415,38
405,427,38
324,416,38
317,436,38
333,446,38
395,464,38
328,455,38
328,464,38
348,468,38
152,460,38
156,410,38
181,354,38
201,315,38
210,282,38
195,359,38
270,341,38
259,354,38
234,365,38
202,395,38
283,377,38
265,388,38
238,395,38
211,431,38
284,414,38
263,422,38
238,427,38
220,465,38
281,448,38
263,453,38
238,457,38
423,477,38
412,429,38
397,375,38
390,335,38
393,299,38
410,357,38
339,345,38
319,368,38
324,384,38
411,390,38
329,375,38
311,400,38
319,414,38
406,428,38
326,415,38
317,436,38
332,446,38
396,465,38
329,454,38
328,464,38
347,468,38
151,461,37
156,410,37
180,353,37
197,315,37
204,281,37
195,360,37
269,344,37
257,356,37
232,367,37
202,396,37
282,377,37
264,388,37
238,396,37
211,431,37
284,414,37
264,422,37
240,427,37
221,465,37
282,448,37
264,453,37
239,456,37
424,478,37
411,430,37
397,376,37
391,334,37
397,299,37
410,357,37
339,345,37
321,369,37
328,385,37
412,390,37
329,375,37
313,400,37
322,414,37
406,428,37
326,415,37
319,436,37
336,446,37
396,465,37
328,454,37
329,463,37
349,468,37
152,461,37
155,411,37
178,355,37
194,316,37
199,283,37
195,360,37
269,344,37
256,356,37
231,366,37
203,395,37
281,378,37
263,389,37
237,397,37
212,431,37
285,414,37
265,422,37
240,427,37
222,464,37
281,449,37
263,453,37
238,457,37
424,478,37
413,429,37
399,374,37
393,333,37
399,299,37
410,356,37
339,345,37
322,369,37
329,384,37
411,390,37
329,374,37
313,400,37
322,413,37
406,428,37
326,414,37
319,435,37
335,446,37
396,465,37
329,454,37
328,463,37
348,468,37
153,461,37
156,411,37
178,354,37
193,316,37
196,283,37
195,360,37
269,344,37
257,357,37
232,367,37
202,396,37
281,378,37
264,390,37
237,398,37
211,431,37
285,415,37
266,423,37
240,428,37
221,465,37
281,449,37
263,453,37
238,457,37
422,480,37
412,431,37
398,376,37
393,334,37
399,299,37
410,357,37
338,345,37
321,370,37
328,385,37
411,390,37
328,375,37
313,400,37
322,414,37
406,428,37
325,415,37
319,436,37
337,446,37
396,465,37
328,454,37
328,464,37
350,469,37
152,462,37
155,413,37
179,356,37
197,316,37
203,281,37
195,361,37
269,344,37
256,357,37
231,367,37
202,397,37
281,378,37
264,389,37
238,398,37
212,432,37
285,414,37
265,423,37
240,428,37
222,466,37
281,449,37
262,454,37
237,458,37
426,480,37
411,431,37
394,377,37
385,335,37
385,298,37
408,356,37
336,347,37
317,372,37
323,387,37
409,389,37
328,376,37
311,401,37
319,415,37
405,427,37
325,416,37
317,437,37
333,447,37
395,464,37
328,454,37
327,464,37
347,469,37
153,462,37
157,412,37
185,356,37
209,317,37
221,282,37
195,359,37
269,344,37
257,356,37
232,366,37
202,395,37
281,377,37
264,388,37
240,396,37
211,431,37
284,414,37
265,422,37
242,427,37
222,464,37
282,448,37
264,453,37
239,456,37
423,479,37
410,430,37
388,376,37
369,335,37
358,297,37
406,355,37
335,345,37
317,369,37
324,385,37
408,388,37
327,375,37
310,401,37
318,415,37
404,426,37
325,414,37
316,436,37
333,446,37
396,463,37
329,454,37
326,464,37
345,468,37
154,454,38
163,406,38
199,358,38
234,325,38
265,303,38
198,356,38
273,342,38
263,357,38
239,366,38
204,392,38
283,376,38
267,389,38
243,396,38
212,429,38
284,413,38
265,423,38
241,427,38
221,464,38
280,448,38
263,454,38
239,457,38
419,483,37
392,432,37
361,384,37
332,349,37
308,316,37
401,354,37
330,348,37
310,375,37
314,392,37
406,387,37
325,377,37
307,405,37
314,420,37
404,424,37
325,417,37
315,439,37
331,449,37
397,461,37
330,454,37
327,465,37
345,469,37
156,456,38
165,410,38
202,361,38
239,329,38
271,307,38
200,357,38
274,341,38
264,358,38
241,370,38
205,391,38
284,376,38
268,391,38
244,399,38
212,428,38
285,413,38
266,424,38
241,429,38
220,464,38
279,449,38
261,455,38
236,459,38
418,483,37
393,434,37
360,386,37
327,353,37
299,325,37
399,356,37
324,351,37
311,379,37
321,393,37
404,389,37
320,381,37
308,408,37
320,419,37
401,426,37
319,418,37
314,441,37
332,449,37
393,463,37
326,454,37
325,466,37
344,470,37
155,458,38
164,411,38
202,362,38
240,331,38
271,308,38
199,356,38
274,342,38
264,359,38
240,369,38
204,390,38
285,376,38
268,391,38
243,399,38
212,427,38
286,413,38
267,424,38
242,429,38
220,463,38
280,449,38
262,455,38
237,459,38
423,481,37
397,431,37
363,385,37
328,353,37
301,324,37
399,356,37
326,351,37
308,378,37
315,394,37
404,389,37
321,381,37
306,407,37
315,420,37
402,427,37
319,418,37
312,441,37
329,450,37
394,464,37
326,454,37
323,466,37
342,470,37
153,457,38
164,410,38
203,361,38
241,330,38
273,307,38
199,356,38
273,342,38
263,359,38
240,369,38
204,391,38
284,376,38
268,391,38
242,399,38
211,429,38
285,413,38
266,424,38
242,429,38
220,465,38
279,449,38
261,455,38
237,459,38
421,480,37
397,431,37
364,384,37
329,351,37
300,323,37
400,356,37
328,350,37
311,376,37
318,391,37
405,389,37
322,379,37
308,405,37
318,418,37
402,427,37
320,417,37
314,439,37
331,449,37
395,464,37
327,454,37
324,465,37
343,470,37
154,459,38
163,412,38
200,362,38
236,329,38
266,304,38
197,357,38
272,341,38
262,359,38
239,370,38
202,392,38
283,376,38
266,392,38
241,400,38
210,429,38
285,414,38
265,425,38
240,430,38
219,465,38
278,449,38
260,456,38
236,460,38
421,475,37
398,426,37
368,378,37
338,344,37
313,313,37
405,356,37
333,346,37
312,370,37
317,387,37
409,390,37
326,377,37
309,403,37
317,417,37
405,427,37
324,415,37
316,437,37
332,448,37
397,463,37
329,453,37
326,464,37
344,468,37
153,460,38
159,411,38
188,356,38
214,319,38
240,289,38
197,358,38
272,343,38
259,356,38
234,368,38
204,394,38
284,378,38
266,389,38
240,397,38
212,431,38
285,415,38
265,423,38
240,428,38
221,466,38
280,449,38
262,454,38
236,458,38
423,474,37
410,426,37
389,375,37
370,336,37
357,298,37
407,355,37
335,344,37
318,367,37
325,383,37
409,388,37
327,374,37
311,400,37
319,415,37
404,426,37
324,415,37
316,436,37
333,446,37
395,463,37
327,452,37
326,462,37
346,467,37
151,460,37
156,410,37
182,355,37
201,316,37
212,283,37
195,358,37
270,343,37
258,355,37
233,366,37
202,394,37
283,379,37
265,389,37
238,396,37
210,431,37
283,415,37
263,423,37
238,427,37
219,465,37
279,450,37
261,454,37
236,458,37
423,478,37
411,430,37
396,377,37
385,337,37
386,301,37
410,356,37
338,345,37
320,369,37
326,385,37
412,389,37
330,373,37
312,399,37
320,413,37
407,427,37
327,414,37
317,435,37
333,445,37
397,465,37
329,453,37
328,463,37
348,467,37
152,462,37
156,411,37
180,354,37
197,316,37
205,282,37
194,360,37
269,344,37
256,356,37
230,366,37
201,396,37
281,378,37
263,388,37
236,396,37
211,432,37
283,415,37
263,422,37
238,428,37
221,466,37
281,449,37
263,453,37
238,457,37
424,477,37
413,428,37
398,375,37
389,335,37
391,300,37
410,355,37
338,345,37
321,369,37
328,385,37
412,388,37
330,374,37
313,399,37
322,413,37
407,426,37
327,414,37
320,435,37
336,444,37
398,464,37
330,453,37
330,462,37
351,466,37
149,464,37
153,414,37
177,357,37
194,318,37
201,284,37
194,361,37
269,345,37
256,358,37
230,368,37
202,396,37
281,379,37
263,390,37
236,398,37
212,432,37
284,415,37
264,423,37
239,429,37
222,466,37
281,449,37
263,454,37
237,459,37
422,478,37
410,429,37
397,376,37
390,334,37
395,299,37
410,357,37
339,344,37
322,369,37
328,384,37
411,389,37
329,374,37
313,399,37
322,413,37
406,427,37
326,413,37
319,434,37
336,445,37
396,464,37
329,453,37
329,462,37
350,466,37
153,464,37
155,414,37
178,357,37
193,318,37
198,284,37
194,362,37
269,345,37
257,357,37
232,368,37
201,398,37
282,379,37
264,391,37
238,399,37
211,434,37
285,416,37
265,424,37
240,430,37
221,467,37
282,450,37
264,455,37
238,459,37
423,479,37
411,431,37
397,376,37
391,335,37
397,299,37
409,357,37
337,346,37
321,371,37
328,386,37
410,390,37
328,375,37
313,400,37
323,414,37
405,428,37
325,416,37
319,437,37
337,446,37
396,465,37
328,454,37
330,464,37
351,468,37
152,462,37
155,412,37
181,357,37
202,318,37
214,283,37
195,360,37
270,345,37
257,357,37
232,367,37
202,396,37
282,379,37
264,389,37
239,397,37
211,432,37
285,416,37
265,423,37
241,428,37
221,466,37
281,449,37
264,453,37
239,457,37
421,478,37
408,430,37
394,376,37
385,335,37
388,299,37
407,356,37
335,347,37
319,372,37
327,386,37
409,389,37
327,376,37
312,402,37
322,415,37
404,427,37
324,415,37
318,437,37
335,446,37
396,464,37
328,454,37
328,464,37
349,468,37
151,462,37
155,412,37
182,356,37
203,317,37
214,282,37
193,360,37
269,345,37
256,357,37
231,367,37
201,396,37
281,379,37
263,390,37
238,397,37
210,432,37
283,416,37
263,424,37
239,428,37
221,466,37
281,450,37
263,455,37
237,458,37
424,479,37
411,430,37
395,376,37
386,335,37
387,299,37
408,356,37
336,347,37
318,372,37
326,386,37
409,389,37
327,375,37
311,401,37
319,415,37
405,427,37
325,416,37
317,436,37
333,446,37
396,464,37
328,454,37
327,464,37
347,468,37
153,458,38
158,410,38
192,357,38
225,322,38
255,299,38
195,357,38
271,343,38
259,357,38
235,367,38
201,394,38
280,377,38
264,390,38
240,398,38
210,431,38
282,414,38
262,424,38
239,429,38
221,465,38
280,450,38
262,456,38
237,460,38
423,475,37
406,425,37
383,375,37
363,336,37
352,299,37
407,355,37
336,344,37
317,368,37
323,384,37
410,388,37
329,375,37
311,401,37
318,415,37
407,426,37
326,413,37
317,435,37
333,446,37
399,463,37
331,453,37
327,463,37
346,467,37
154,457,38
164,409,38
203,361,38
244,332,38
279,313,38
198,358,38
273,344,38
262,359,38
239,369,38
203,393,38
284,376,38
267,390,38
242,398,38
211,430,38
285,414,38
266,423,38
242,428,38
220,465,38
279,449,38
261,454,38
237,458,38
421,478,38
394,428,38
363,381,38
332,348,38
308,316,38
405,355,38
333,347,38
311,372,38
314,388,38
409,389,38
328,375,38
310,401,38
317,416,38
405,426,38
325,415,38
318,436,38
335,446,38
396,462,38
329,451,38
328,462,38
348,465,38
154,456,38
164,409,38
204,362,38
247,333,38
281,313,38
198,358,38
273,343,38
262,359,38
239,370,38
203,392,38
284,375,38
266,390,38
241,399,38
210,429,38
285,412,38
265,422,38
241,428,38
219,465,38
278,448,38
260,453,38
236,458,38
421,478,37
396,429,37
363,383,37
331,350,37
305,319,37
404,356,37
332,348,37
313,373,37
319,391,37
408,390,37
326,378,37
310,403,37
320,416,37
404,427,37
324,415,37
317,437,37
335,446,37
396,463,37
328,452,37
326,462,37
347,467,37
152,454,38
163,406,38
203,359,38
244,330,38
278,311,38
197,357,38
272,342,38
261,357,38
238,368,38
201,392,38
283,374,38
265,388,38
240,397,38
209,429,38
284,412,38
264,421,38
240,426,38
217,464,38
278,448,38
260,452,38
236,456,38
421,477,37
396,428,37
364,381,37
332,349,37
306,317,37
405,356,37
333,348,37
311,373,37
316,391,37
409,390,37
327,377,37
309,403,37
317,418,37
406,427,37
324,415,37
315,437,37
332,448,37
397,463,37
329,451,37
326,462,37
345,467,37
153,454,38
162,406,38
200,357,38
239,326,38
270,304,38
196,356,38
271,338,38
261,356,38
238,368,38
201,391,38
282,374,38
265,389,38
240,398,38
208,428,38
284,411,38
264,421,38
239,427,38
217,463,38
277,447,38
260,452,38
236,456,38
422,473,37
398,424,37
369,378,37
339,344,37
316,311,37
407,356,37
335,347,37
313,371,37
317,388,37
410,390,37
328,377,37
311,403,37
319,416,37
406,427,37
325,414,37
318,435,37
334,446,37
397,463,37
329,451,37
327,461,37
346,466,37
152,455,37
159,406,37
187,352,37
213,316,37
233,284,37
195,356,37
268,340,37
257,353,37
233,364,37
202,392,37
282,376,37
265,386,37
238,394,37
210,429,37
283,412,37
264,420,37
238,424,37
218,463,37
278,446,37
260,450,37
235,454,37
424,473,38
411,426,38
392,375,38
373,336,38
361,298,38
411,357,38
342,342,38
322,364,38
327,382,38
413,389,38
332,373,38
313,398,38
321,413,38
407,427,38
328,414,38
318,434,38
335,444,38
397,463,38
330,452,38
328,461,38
348,465,38
151,453,38
155,404,38
182,350,38
204,313,38
216,280,38
194,354,38
268,338,38
257,351,38
232,362,38
200,391,38
281,374,38
263,384,38
237,392,38
209,428,38
282,411,38
262,418,38
237,422,38
217,462,38
279,445,38
261,449,38
237,452,38
425,475,37
413,427,37
399,375,37
390,335,37
391,299,37
414,357,37
343,343,37
323,367,37
328,384,37
416,390,37
333,373,37
315,398,37
324,413,37
410,428,37
329,413,37
321,434,37
337,445,37
400,465,37
331,451,37
331,461,37
352,466,37
152,457,37
155,407,37
181,350,37
200,312,37
210,279,37
192,355,37
267,340,37
255,352,37
229,362,37
199,392,37
281,374,37
263,384,37
236,392,37
209,428,37
283,411,37
263,418,37
238,423,37
219,462,37
280,445,37
263,449,37
238,452,37
426,478,37
415,430,37
402,376,37
393,335,37
396,299,37
414,356,37
342,344,37
324,369,37
330,385,37
415,388,37
333,373,37
316,398,37
325,413,37
410,427,37
329,414,37
323,435,37
340,445,37
400,464,37
332,452,37
332,462,37
354,467,37
151,456,37
154,406,37
178,352,37
194,314,37
200,281,37
194,355,37
269,339,37
256,352,37
231,362,37
201,391,37
281,374,37
263,384,37
237,392,37
210,428,37
283,410,37
263,418,37
238,422,37
220,462,37
280,445,37
262,449,37
237,452,37
424,479,37
413,429,37
401,374,37
396,333,37
403,298,37
414,355,37
344,343,37
325,367,37
331,383,37
415,389,37
333,372,37
315,397,37
323,412,37
410,427,37
329,412,37
321,433,37
336,444,37
400,464,37
332,452,37
331,461,37
352,465,37
152,457,38
155,406,38
178,350,38
194,312,38
198,280,38
194,356,38
268,340,38
256,353,38
230,363,38
201,392,38
280,374,38
263,384,38
236,392,38
210,428,38
284,410,38
265,417,38
240,423,38
220,461,38
281,444,38
263,448,38
238,451,38
427,479,37
415,429,37
402,375,37
396,334,37
402,299,37
414,356,37
343,343,37
323,368,37
329,384,37
415,389,37
332,372,37
316,398,37
324,413,37
409,426,37
329,413,37
323,434,37
340,445,37
400,464,37
332,451,37
332,461,37
353,466,37
152,458,37
155,407,37
178,351,37
194,313,37
198,279,37
194,357,37
268,340,37
256,353,37
231,363,37
201,393,37
281,374,37
263,385,37
237,394,37
210,429,37
285,410,37
265,418,37
240,423,37
221,462,37
281,445,37
263,448,37
238,452,37
423,478,37
412,427,37
400,373,37
395,333,37
401,297,37
414,355,37
343,343,37
324,367,37
330,383,37
415,388,37
333,372,37
315,398,37
323,412,37
410,426,37
329,412,37
321,433,37
337,444,37
400,464,37
332,452,37
331,461,37
352,465,37
151,457,37
155,406,37
179,351,37
196,312,37
201,278,37
193,356,37
268,340,37
256,353,37
232,363,37
201,392,37
280,374,37
264,385,37
238,393,37
210,428,37
284,410,37
265,417,37
241,423,37
221,461,37
281,444,37
263,448,37
238,451,37
429,481,37
415,431,37
400,376,37
392,334,37
395,297,37
413,355,37
341,344,37
323,369,37
329,385,37
414,387,37
333,372,37
316,398,37
325,412,37
409,425,37
329,412,37
322,434,37
339,445,37
400,463,37
332,451,37
331,461,37
352,466,37
153,457,37
157,407,37
187,353,37
213,315,37
233,283,37
195,355,37
269,339,37
257,351,37
232,361,37
202,391,37
281,373,37
265,383,37
240,391,37
211,427,37
284,410,37
265,417,37
242,422,37
221,461,37
280,444,37
263,448,37
238,452,37
425,478,38
410,427,38
388,375,38
366,335,38
353,299,38
411,353,38
339,342,38
320,367,38
326,383,38
413,386,38
332,373,38
314,399,38
322,413,38
409,424,38
328,411,38
321,434,38
338,445,38
401,462,38
333,450,38
330,461,38
351,465,38
153,453,38
160,404,38
195,354,38
230,320,38
258,293,38
196,353,38
272,338,38
262,353,38
239,364,38
202,389,38
283,372,38
267,385,38
244,393,38
210,426,38
284,410,38
265,419,38
241,423,38
220,461,38
280,445,38
263,450,38
238,454,38
423,482,38
397,430,38
368,380,38
338,345,38
315,312,38
407,353,38
336,345,38
314,371,38
318,389,38
412,386,38
331,374,38
311,402,38
319,418,38
409,424,38
329,413,38
318,436,38
334,447,38
401,461,38
333,450,38
329,462,38
348,466,38
154,452,38
162,406,38
199,356,38
235,323,38
265,299,38
197,353,38
272,337,38
262,355,38
239,366,38
202,388,38
283,372,38
266,387,38
242,395,38
210,426,38
285,411,38
264,420,38
240,425,38
219,462,38
278,446,38
260,451,38
236,455,38
421,479,37
396,428,37
366,381,37
334,347,37
309,317,37
406,353,37
336,347,37
314,373,37
319,391,37
412,387,37
331,376,37
312,403,37
319,417,37
409,424,37
328,414,37
319,436,37
334,446,37
401,461,37
333,450,37
330,461,37
349,465,37
154,451,38
163,403,38
201,355,38
239,324,38
271,303,38
198,353,38
273,338,38
263,355,38
239,365,38
203,389,38
284,373,38
267,387,38
242,394,38
210,426,38
285,411,38
265,420,38
241,424,38
219,462,38
278,445,38
260,450,38
236,453,38
424,477,37
399,428,37
367,380,37
335,347,37
309,316,37
408,354,37
336,346,37
316,374,37
321,392,37
413,388,37
331,376,37
314,404,37
322,418,37
409,426,37
329,413,37
320,436,37
337,447,37
401,462,37
333,449,37
330,461,37
350,466,37
153,453,37
162,405,37
200,356,37
238,325,37
270,302,37
198,353,37
272,339,37
262,356,37
239,367,37
203,388,37
283,373,37
266,387,37
242,395,37
210,425,37
284,410,37
264,420,37
240,424,37
218,461,37
277,445,37
259,450,37
236,454,37
423,477,38
399,428,38
369,380,38
338,346,38
312,315,38
410,355,38
339,345,38
315,371,38
319,390,38
414,389,38
332,374,38
313,402,38
321,417,38
411,426,38
330,412,38
321,434,38
337,446,38
402,462,38
335,449,38
332,460,38
351,465,38
153,450,38
160,402,38
193,351,38
226,317,38
254,290,38
197,353,38
270,337,38
260,351,38
236,363,38
202,389,38
282,372,38
265,384,38
240,392,38
210,426,38
284,409,38
264,417,38
239,422,38
219,461,38
278,444,38
261,448,38
237,452,38
425,470,38
405,422,38
380,374,38
357,338,38
342,303,38
413,353,38
343,341,38
323,365,38
328,383,38
416,386,38
335,372,38
317,398,38
325,413,38
412,424,38
331,409,38
322,432,38
338,444,38
403,460,38
334,448,38
331,458,38
350,463,38
153,450,37
159,401,37
189,349,37
216,313,37
239,283,37
196,352,37
270,336,37
259,350,37
234,362,37
202,389,37
282,372,37
265,383,37
239,392,37
209,426,37
283,409,37
264,417,37
239,421,37
218,461,37
278,444,37
262,448,37
237,451,37
424,470,37
409,421,37
391,371,37
373,332,37
362,295,37
415,354,37
343,340,37
325,364,37
331,380,37
417,387,37
336,370,37
318,396,37
327,411,37
412,424,37
331,410,37
324,431,37
342,442,37
402,460,37
333,447,37
332,457,37
354,462,37
153,452,37
157,403,37
183,349,37
202,312,37
214,279,37
195,353,37
269,336,37
258,349,37
233,360,37
202,390,37
283,372,37
264,383,37
238,391,37
210,426,37
283,410,37
263,417,37
238,421,37
219,460,37
279,443,37
262,447,37
238,451,37
427,473,38
414,425,38
401,373,38
392,333,38
394,297,38
419,354,38
346,342,38
328,365,38
335,381,38
420,387,38
337,371,38
320,395,38
329,410,38
414,424,38
332,411,38
326,431,38
343,441,38
403,461,38
335,448,38
335,457,38
357,462,38
153,455,37
157,403,37
181,348,37
197,311,37
203,279,37
194,353,37
268,338,37
256,351,37
231,360,37
201,389,37
282,372,37
264,382,37
237,390,37
210,426,37
283,409,37
264,416,37
239,421,37
220,460,37
281,443,37
264,447,37
239,450,37
426,475,37
416,426,37
405,373,37
398,333,37
402,297,37
419,354,37
348,341,37
331,364,37
337,379,37
420,387,37
339,369,37
322,393,37
330,408,37
414,424,37
334,408,37
327,429,37
344,440,37
403,462,37
335,447,37
335,456,37
357,462,37
152,456,37
155,405,37
178,350,37
191,313,37
193,281,37
194,355,37
268,338,37
256,352,37
231,362,37
201,391,37
281,373,37
263,384,37
236,392,37
210,427,37
284,409,37
265,417,37
240,422,37
220,461,37
280,444,37
263,448,37
237,451,37
427,476,37
417,426,37
406,373,37
400,333,37
407,298,37
419,354,37
348,341,37
330,365,37
337,380,37
419,387,37
337,369,37
321,393,37
330,408,37
413,424,37
332,408,37
326,429,37
343,440,37
402,461,37
334,447,37
334,456,37
356,462,37
153,458,37
155,407,37
178,351,37
194,312,37
197,279,37
194,357,37
267,338,37
255,352,37
230,363,37
201,393,37
281,373,37
263,384,37
236,393,37
211,429,37
285,410,37
265,417,37
240,423,37
221,462,37
281,444,37
263,448,37
237,453,37
426,476,37
417,427,37
406,373,37
400,333,37
406,298,37
418,355,37
348,341,37
330,365,37
337,380,37
418,387,37
336,370,37
320,395,37
330,409,37
412,424,37
331,409,37
325,430,37
343,441,37
401,461,37
333,448,37
334,457,37
356,462,37
152,457,37
155,407,37
182,352,37
202,313,37
210,279,37
193,356,37
267,339,37
256,352,37
231,363,37
201,392,37
281,374,37
264,384,37
238,392,37
210,428,37
284,410,37
265,417,37
241,422,37
221,461,37
281,444,37
263,447,37
238,451,37
429,476,37
417,427,37
403,373,37
394,333,37
395,296,37
416,354,37
344,342,37
327,366,37
334,382,37
417,386,37
335,370,37
319,395,37
328,410,37
411,423,37
331,409,37
325,431,37
343,442,37
401,461,37
333,448,37
334,458,37
356,463,37
153,453,37
160,403,37
194,353,37
228,319,37
258,298,37
196,353,37
273,341,37
262,354,37
237,363,37
202,390,37
283,375,37
267,385,37
243,393,37
211,427,37
285,412,37
266,420,37
243,424,37
221,462,37
281,446,37
264,450,37
240,453,37
422,476,37
406,425,37
383,374,37
361,337,37
346,301,37
413,353,37
341,341,37
321,366,37
327,383,37
415,386,37
333,372,37
315,398,37
324,413,37
410,424,37
329,411,37
322,433,37
339,444,37
402,461,37
333,449,37
332,459,37
352,463,37
154,452,37
163,405,37
199,356,37
237,324,37
270,304,37
199,355,37
274,341,37
264,356,37
241,366,37
204,390,37
285,375,37
269,388,37
244,396,37
211,427,37
286,413,37
266,422,37
242,426,37
219,462,37
279,448,37
262,453,37
237,455,37
422,479,38
398,429,38
368,379,38
337,346,38
311,317,38
408,354,38
337,344,38
318,371,38
325,386,38
412,387,38
331,373,38
315,400,38
324,414,38
409,424,38
328,413,38
321,435,38
338,445,38
400,461,38
332,448,38
330,460,38
349,465,38
153,451,38
163,404,38
200,356,38
238,325,38
271,306,38
199,355,38
273,340,38
263,357,38
239,368,38
203,390,38
284,375,38
267,389,38
243,397,38
210,427,38
285,413,38
265,422,38
241,427,38
218,463,38
278,448,38
260,453,38
236,456,38
422,481,37
397,431,37
367,383,37
334,350,37
308,321,37
406,355,37
333,347,37
315,374,37
322,390,37
410,388,37
328,376,37
312,403,37
322,417,37
406,426,37
326,414,37
319,437,37
336,446,37
398,462,37
330,451,37
328,462,37
348,467,37
153,453,38
162,407,38
198,358,38
235,326,38
268,305,38
198,356,38
272,340,38
261,357,38
238,369,38
203,391,38
283,374,38
266,389,38
242,397,38
210,427,38
285,412,38
264,422,38
240,427,38
219,463,38
278,448,38
260,453,38
236,457,38
420,480,37
397,429,37
367,381,37
335,348,37
310,318,37
407,356,37
335,348,37
313,373,37
316,390,37
411,390,37
329,377,37
309,403,37
316,418,37
408,428,37
326,415,37
317,437,37
333,448,37
400,465,37
331,452,37
328,462,37
346,468,37
152,450,37
159,402,37
189,350,37
216,316,37
244,293,37
197,355,37
271,341,37
259,352,37
234,362,37
203,392,37
284,376,37
266,386,37
240,393,37
210,429,37
285,414,37
265,420,37
240,424,37
218,464,37
278,448,37
260,451,37
235,455,37
424,474,37
403,427,37
376,378,37
351,342,37
335,307,37
409,356,37
338,344,37
317,368,37
323,386,37
411,389,37
330,375,37
314,402,37
323,415,37
407,426,37
327,413,37
319,435,37
336,446,37
398,463,37
331,451,37
328,462,37
347,467,37
153,458,37
156,408,37
184,353,37
209,318,37
228,288,37
194,356,37
269,340,37
258,353,37
233,363,37
201,392,37
283,375,37
265,386,37
238,394,37
209,428,37
283,412,37
263,420,37
237,424,37
218,463,37
280,447,37
263,451,37
238,455,37
421,472,37
407,424,37
387,374,37
368,336,37
354,299,37
410,356,37
340,342,37
321,366,37
326,383,37
413,389,37
332,374,37
312,399,37
320,414,37
408,427,37
327,414,37
318,435,37
335,445,37
399,464,37
331,452,37
328,461,37
349,466,37
151,457,38
154,408,38
179,354,38
197,316,38
206,284,38
193,356,38
268,340,38
257,353,38
232,364,38
200,393,38
281,376,38
263,386,38
237,394,38
209,430,38
283,413,38
262,420,38
238,425,38
218,464,38
279,446,38
262,451,38
237,454,38
428,476,37
415,429,37
398,376,37
386,336,37
384,299,37
412,356,37
339,346,37
322,370,37
331,386,37
414,389,37
331,375,37
316,399,37
326,414,37
409,427,37
328,417,37
322,437,37
340,446,37
399,464,37
331,453,37
332,462,37
353,467,37
153,460,37
156,409,37
178,352,37
193,315,37
196,282,37
193,357,37
268,342,37
256,355,37
231,364,37
200,394,37
281,376,37
263,387,37
236,395,37
210,430,37
284,413,37
265,420,37
240,426,37
220,464,37
281,447,37
263,451,37
238,455,37
423,477,37
413,429,37
399,375,37
392,335,37
396,300,37
413,357,37
343,344,37
322,366,37
326,382,37
414,390,37
332,374,37
314,398,37
322,413,37
409,428,37
328,413,37
320,433,37
336,445,37
398,465,37
331,452,37
330,461,37
350,466,37
152,460,37
155,409,37
177,354,37
191,316,37
194,284,37
194,359,37
268,341,37
255,355,37
230,365,37
202,395,37
281,376,37
263,387,37
236,395,37
211,431,37
284,412,37
264,420,37
239,426,37
220,465,37
280,447,37
261,451,37
235,456,37
425,480,37
414,431,37
400,377,37
392,336,37
396,300,37
413,358,37
341,346,37
323,370,37
330,386,37
414,391,37
331,374,37
316,399,37
325,413,37
409,429,37
328,415,37
322,436,37
340,447,37
398,466,37
330,453,37
331,463,37
353,468,37
152,461,37
155,411,37
179,354,37
196,316,37
202,282,37
192,359,37
268,342,37
256,355,37
230,366,37
200,396,37
282,376,37
264,388,37
236,397,37
210,432,37
285,413,37
265,421,37
239,427,37
220,465,37
280,448,37
262,453,37
235,457,37
424,480,37
412,431,37
399,377,37
391,336,37
394,300,37
411,358,37
340,344,37
322,369,37
329,385,37
412,391,37
330,374,37
314,399,37
322,413,37
407,429,37
327,413,37
319,435,37
336,445,37
397,466,37
330,453,37
329,463,37
349,467,37
152,460,37
158,410,37
187,356,37
214,318,37
237,288,37
195,359,37
270,343,37
256,355,37
231,365,37
202,396,37
282,377,37
264,387,37
239,396,37
211,432,37
284,414,37
265,421,37
241,427,37
222,466,37
280,448,37
262,453,37
237,457,37
424,480,37
411,431,37
390,377,37
372,337,37
361,298,37
409,356,37
337,345,37
318,370,37
325,387,37
411,389,37
330,374,37
312,400,37
320,415,37
406,427,37
326,415,37
319,436,37
336,446,37
397,464,37
330,453,37
328,463,37
348,468,37
151,457,38
158,408,38
189,356,38
220,320,38
252,296,38
197,356,38
272,343,38
261,356,38
236,366,38
203,392,38
283,377,38
267,388,38
243,396,38
211,429,38
284,414,38
264,423,38
241,427,38
220,465,38
280,449,38
262,454,38
237,458,38
422,480,38
404,430,38
379,379,38
356,342,38
341,306,38
408,357,38
336,345,38
315,370,38
319,388,38
410,389,38
329,376,38
311,402,38
319,417,38
406,426,38
326,415,38
318,436,38
333,447,38
397,463,38
330,452,38
327,463,38
345,467,38
153,456,38
161,409,38
197,359,38
233,326,38
265,304,38
197,356,38
273,341,38
262,358,38
238,369,38
202,391,38
284,376,38
267,391,38
243,398,38
210,428,38
285,415,38
265,425,38
240,429,38
218,464,38
279,450,38
260,456,38
235,459,38
420,483,37
395,432,37
365,384,37
333,350,37
306,321,37
404,356,37
331,349,37
312,376,37
318,392,37
408,389,37
326,378,37
309,405,37
318,419,37
405,426,37
325,417,37
317,439,37
333,449,37
397,462,37
330,453,37
327,465,37
346,469,37
154,457,38
162,409,38
199,359,38
237,327,38
270,306,38
198,357,38
273,341,38
263,358,38
240,369,38
204,392,38
285,377,38
268,391,38
243,399,38
211,429,38
286,415,38
266,424,38
242,429,38
220,465,38
279,449,38
261,455,38
237,458,38
424,481,37
395,432,37
361,386,37
328,355,37
299,328,37
403,355,37
331,350,37
311,378,37
317,396,37
408,389,37
326,380,37
308,408,37
316,422,37
405,427,37
325,417,37
314,441,37
330,451,37
398,464,37
330,453,37
325,465,37
344,470,37
154,457,38
162,410,38
199,360,38
238,329,38
272,308,38
198,358,38
273,342,38
264,359,38
241,371,38
203,392,38
285,377,38
269,392,38
244,400,38
211,429,38
285,415,38
266,425,38
242,430,38
219,465,38
278,450,38
260,456,38
236,459,38
419,481,37
392,432,37
359,387,37
326,357,37
297,331,37
402,356,37
333,348,37
314,375,37
321,394,37
407,388,37
327,378,37
309,406,37
317,420,37
405,426,37
325,416,37
315,439,37
331,449,37
397,463,37
330,453,37
327,464,37
346,469,37
153,456,38
162,409,38
198,359,38
236,328,38
270,308,38
197,359,38
273,341,38
263,358,38
240,370,38
202,394,38
284,378,38
267,392,38
242,400,38
210,431,38
285,415,38
265,425,38
241,429,38
219,466,38
278,450,38
260,455,38
236,459,38
422,481,37
394,432,37
361,385,37
328,354,37
300,327,37
403,355,37
333,348,37
312,376,37
318,395,37
409,389,37
328,378,37
309,407,37
317,421,37
406,426,37
326,416,37
315,440,37
331,450,37
399,463,37
331,452,37
326,464,37
345,469,37
152,457,38
160,409,38
196,359,38
232,326,38
265,306,38
197,358,38
272,342,38
262,358,38
238,370,38
203,393,38
284,377,38
267,391,38
243,399,38
211,430,38
285,415,38
265,425,38
241,429,38
219,465,38
278,450,38
260,455,38
236,459,38
418,480,38
394,430,38
364,383,38
333,351,38
306,321,38
405,356,38
333,349,38
310,375,38
314,394,38
410,390,38
328,377,38
307,405,38
313,421,38
408,427,38
327,415,38
315,438,38
331,451,38
400,464,38
332,452,38
326,463,38
344,469,38
150,458,38
157,409,38
185,356,38
211,321,38
234,294,38
196,358,38
269,342,38
258,355,38
234,366,38
202,394,38
283,378,38
266,389,38
239,396,38
210,431,38
284,415,38
265,423,38
239,427,38
218,465,38
279,449,38
261,454,38
236,457,38
423,474,37
407,428,37
386,377,37
366,338,37
354,302,37
408,357,37
338,343,37
320,368,37
328,384,37
411,389,37
331,374,37
314,402,37
323,415,37
406,426,37
327,413,37
318,436,37
335,446,37
398,463,37
330,452,37
326,462,37
345,467,37
151,461,37
154,411,37
182,357,37
208,321,37
228,291,37
194,359,37
270,342,37
259,355,37
234,366,37
201,394,37
282,377,37
265,389,37
239,397,37
211,430,37
284,414,37
263,423,37
239,428,37
220,465,37
280,448,37
262,454,37
238,458,37
424,477,37
412,429,37
393,378,37
377,339,37
369,302,37
411,358,37
341,343,37
320,366,37
324,385,37
413,390,37
332,373,37
312,399,37
320,414,37
408,427,37
328,414,37
319,435,37
335,446,37
398,464,37
330,452,37
328,462,37
348,468,37
150,460,37
154,410,37
180,356,37
205,320,37
224,289,37
193,359,37
268,342,37
257,353,37
232,364,37
201,395,37
281,377,37
265,388,37
240,396,37
211,432,37
283,415,37
264,422,37
240,427,37
221,466,37
280,448,37
263,453,37
239,457,37
423,476,37
411,428,37
394,377,37
381,338,37
377,301,37
413,356,37
341,344,37
322,368,37
328,385,37
415,389,37
333,374,37
314,399,37
322,414,37
409,427,37
329,414,37
318,435,37
334,446,37
399,464,37
331,453,37
328,462,37
348,466,37
150,461,37
154,411,37
179,357,37
202,320,37
217,288,37
193,360,37
268,342,37
258,354,37
233,365,37
201,396,37
282,378,37
265,388,37
239,396,37
210,432,37
283,414,37
264,422,37
239,427,37
220,466,37
281,448,37
264,453,37
239,457,37
425,478,38
413,429,38
397,377,38
386,338,38
383,301,38
412,357,38
340,345,38
322,369,38
328,385,38
414,389,38
333,373,38
315,398,38
323,413,38
410,427,38
330,413,38
322,434,38
339,446,38
400,465,38
332,451,38
330,461,38
351,467,38
150,461,37
154,412,37
179,357,37
202,321,37
219,289,37
193,359,37
268,342,37
256,354,37
231,365,37
200,395,37
281,378,37
263,389,37
238,397,37
210,431,37
283,414,37
263,423,37
239,428,37
220,465,37
281,449,37
263,454,37
238,458,37
424,476,37
411,428,37
391,376,37
374,338,37
364,300,37
410,356,37
338,345,37
320,369,37
327,386,37
412,390,37
331,374,37
313,400,37
321,415,37
407,428,37
327,415,37
319,436,37
336,447,37
398,464,37
330,452,37
328,462,37
348,467,37
150,461,37
153,412,37
179,358,37
203,321,37
221,289,37
193,359,37
268,343,37
255,355,37
230,365,37
201,395,37
281,378,37
263,389,37
238,396,37
211,431,37
283,415,37
263,423,37
239,428,37
221,465,37
281,449,37
262,454,37
237,458,37
422,476,37
406,427,37
384,376,37
362,339,37
348,304,37
409,357,37
339,343,37
319,367,37
324,384,37
412,390,37
331,374,37
313,399,37
320,414,37
407,427,37
327,414,37
319,435,37
335,446,37
398,464,37
330,452,37
327,462,37
347,467,37
150,462,37
154,413,37
181,358,37
206,320,37
226,289,37
193,359,37
268,343,37
256,356,37
231,366,37
201,395,37
281,378,37
263,389,37
238,397,37
211,431,37
283,415,37
263,423,37
238,428,37
221,466,37
281,449,37
263,455,37
237,459,37
421,477,37
400,428,37
374,378,37
348,342,37
330,308,37
409,357,37
336,345,37
315,370,37
320,387,37
411,390,37
329,375,37
313,401,37
321,416,37
407,427,37
326,415,37
320,436,37
337,446,37
398,463,37
330,451,37
329,462,37
349,467,37
152,457,38
158,408,38
190,357,38
221,322,38
252,301,38
194,357,38
271,342,38
260,356,38
236,367,38
201,393,38
283,376,38
267,388,38
242,397,38
210,430,38
284,415,38
265,424,38
240,428,38
219,465,38
279,449,38
262,454,38
237,459,38
421,478,37
396,429,37
366,383,37
333,350,37
307,322,37
405,356,37
333,346,37
314,373,37
320,390,37
409,390,37
327,376,37
310,402,37
319,417,37
406,427,37
325,416,37
318,438,37
336,447,37
397,463,37
329,452,37
327,462,37
347,467,37
152,459,38
159,411,38
193,360,38
229,325,38
264,306,38
195,358,38
272,343,38
261,359,38
237,370,38
201,392,38
283,377,38
266,392,38
242,399,38
209,430,38
284,416,38
264,426,38
239,430,38
218,465,38
278,451,38
259,457,38
235,461,38
421,480,37
396,431,37
364,384,37
331,353,37
304,325,37
404,356,37
332,348,37
313,374,37
319,391,37
408,390,37
326,378,37
311,404,37
320,417,37
404,427,37
324,416,37
318,438,37
335,447,37
396,464,37
329,453,37
327,464,37
347,468,37
152,459,38
161,412,38
198,362,38
237,330,38
273,313,38
197,359,38
272,345,38
262,360,38
239,370,38
202,394,38
284,379,38
268,393,38
243,401,38
210,431,38
285,416,38
265,426,38
241,430,38
219,466,38
278,450,38
260,456,38
236,460,38
422,478,37
396,429,37
363,383,37
329,353,37
300,327,37
405,356,37
333,347,37
313,374,37
319,393,37
410,390,37
327,378,37
309,405,37
317,419,37
406,427,37
324,416,37
315,438,37
332,448,37
397,464,37
329,452,37
325,463,37
345,468,37
153,458,38
161,409,38
199,361,38
239,330,38
276,316,38
197,360,38
272,345,38
261,359,38
237,369,38
202,395,38
284,378,38
266,391,38
241,400,38
209,432,38
285,415,38
264,424,38
240,429,38
218,467,38
277,451,38
259,455,38
235,460,38
422,477,37
396,429,37
363,383,37
330,353,37
302,326,37
406,356,37
334,347,37
314,373,37
320,392,37
410,390,37
328,377,37
310,404,37
319,418,37
406,428,37
325,416,37
317,438,37
334,447,37
398,464,37
330,452,37
327,463,37
347,468,37
151,458,38
160,410,38
198,361,38
238,329,38
275,315,38
196,360,38
271,344,38
260,360,38
236,371,38
202,395,38
283,378,38
265,393,38
240,402,38
210,432,38
284,416,38
264,425,38
239,431,38
218,467,38
277,450,38
259,456,38
235,461,38
421,478,37
397,429,37
365,383,37
332,351,37
305,323,37
406,357,37
333,349,37
312,374,37
318,392,37
410,391,37
328,378,37
311,404,37
320,417,37
406,428,37
326,416,37
319,437,37
336,447,37
397,465,37
330,452,37
329,463,37
349,468,37
152,458,38
161,410,38
196,360,38
234,327,38
269,310,38
196,360,38
272,343,38
261,359,38
237,371,38
201,395,38
283,378,38
265,392,38
241,401,38
209,431,38
284,416,38
263,425,38
239,431,38
218,467,38
278,451,38
260,456,38
236,461,38
420,474,37
399,425,37
371,378,37
343,345,37
319,314,37
407,357,37
335,347,37
312,370,37
315,388,37
410,391,37
328,377,37
309,403,37
316,416,37
406,428,37
326,415,37
317,435,37
333,446,37
397,463,37
329,452,37
326,462,37
345,467,37
152,458,37
158,409,37
188,356,37
220,322,37
253,304,37
198,359,37
272,344,37
260,357,37
235,367,37
203,395,37
283,379,37
265,390,37
240,397,37
211,432,37
284,416,37
264,424,37
239,428,37
219,467,37
278,450,37
260,455,37
235,459,37
422,472,37
406,426,37
384,377,37
364,339,37
351,304,37
408,357,37
339,343,37
319,366,37
324,383,37
411,390,37
330,375,37
312,400,37
320,415,37
407,427,37
326,415,37
318,436,37
335,446,37
398,464,37
329,452,37
327,462,37
346,467,37
150,459,37
155,410,37
183,357,37
210,321,37
237,297,37
194,358,37
269,343,37
257,355,37
232,366,37
201,394,37
282,378,37
264,389,37
238,397,37
210,431,37
283,415,37
263,423,37
238,428,37
219,466,37
279,449,37
260,454,37
236,459,37
424,475,37
412,428,37
394,377,37
379,339,37
372,302,37
413,358,37
342,343,37
321,365,37
326,383,37
414,390,37
333,372,37
314,397,37
321,412,37
408,427,37
328,413,37
320,434,37
337,445,37
398,464,37
330,451,37
328,461,37
349,466,37
148,462,37
153,412,37
180,359,37
205,322,37
226,292,37
193,360,37
268,343,37
258,356,37
233,367,37
200,395,37
281,378,37
264,390,37
239,398,37
209,432,37
283,415,37
263,424,37
238,429,37
219,467,37
279,449,37
262,454,37
237,458,37
424,476,37
414,429,37
399,377,37
386,338,37
382,301,37
414,358,37
343,343,37
323,365,37
328,383,37
415,390,37
334,372,37
315,396,37
322,411,37
409,428,37
329,412,37
321,432,37
337,443,37
398,465,37
331,451,37
330,460,37
351,466,37
149,463,37
152,413,37
178,359,37
203,322,37
224,290,37
192,359,37
268,342,37
257,355,37
232,366,37
200,395,37
281,378,37
264,389,37
239,398,37
210,432,37
283,415,37
263,424,37
238,429,37
220,466,37
280,449,37
262,454,37
237,459,37
424,478,37
413,430,37
398,378,37
387,338,37
384,302,37
413,357,37
342,344,37
323,367,37
328,383,37
415,390,37
333,373,37
315,397,37
323,412,37
409,428,37
329,413,37
322,434,37
339,444,37
398,466,37
331,451,37
330,461,37
351,466,37
150,465,37
153,414,37
178,359,37
202,321,37
222,290,37
192,360,37
268,342,37
256,355,37
230,366,37
200,396,37
281,378,37
264,389,37
238,398,37
210,432,37
283,415,37
263,424,37
239,429,37
221,467,37
281,448,37
263,454,37
238,459,37
422,478,37
412,429,37
398,377,37
386,337,37
383,300,37
413,357,37
341,344,37
323,367,37
329,383,37
414,390,37
332,373,37
315,398,37
323,412,37
408,428,37
328,413,37
320,434,37
338,444,37
397,465,37
330,451,37
329,460,37
350,465,37
151,462,37
153,412,37
178,358,37
202,321,37
222,290,37
192,359,37
268,342,37
256,354,37
230,364,37
201,396,37
281,378,37
264,388,37
239,396,37
211,433,37
283,415,37
264,423,37
240,428,37
221,467,37
281,449,37
263,454,37
238,458,37
426,478,37
412,430,37
396,378,37
383,338,37
381,301,37
413,358,37
341,344,37
321,368,37
327,385,37
414,390,37
332,373,37
314,397,37
322,412,37
408,428,37
328,414,37
321,435,37
338,445,37
398,465,37
330,451,37
329,461,37
350,466,37
149,465,37
152,415,37
179,360,37
205,322,37
227,292,37
192,359,37
268,343,37
255,355,37
230,365,37
200,395,37
280,377,37
263,389,37
238,397,37
211,432,37
283,415,37
263,424,37
239,429,37
221,467,37
280,449,37
262,455,37
238,460,37
421,476,37
409,427,37
388,377,37
368,339,37
356,303,37
412,357,37
342,342,37
321,364,37
325,381,37
413,390,37
333,373,37
313,398,37
321,412,37
408,427,37
327,412,37
319,433,37
336,445,37
399,464,37
331,450,37
328,460,37
347,465,37
152,459,38
157,409,38
189,357,38
221,322,38
252,300,38
194,357,38
272,342,38
259,356,38
234,367,38
201,394,38
282,377,38
265,389,38
241,397,38
210,431,38
283,415,38
263,424,38
239,429,38
220,466,38
279,449,38
261,455,38
237,460,38
423,476,37
403,427,37
376,379,37
349,344,37
331,310,37
410,357,37
339,343,37
319,368,37
324,386,37
413,390,37
331,374,37
314,399,37
322,414,37
407,427,37
327,413,37
320,435,37
338,446,37
397,464,37
329,450,37
328,461,37
349,466,37
151,457,38
161,409,38
199,361,38
239,330,38
274,312,38
196,357,38
272,345,38
262,359,38
239,368,38
200,393,38
283,379,38
267,392,38
243,399,38
208,430,38
284,416,38
264,425,38
240,429,38
217,466,38
278,451,38
259,456,38
235,460,38
423,477,37
399,428,37
368,381,37
334,349,37
305,324,37
406,356,37
335,346,37
314,372,37
319,389,37
410,389,37
329,375,37
311,401,37
319,417,37
406,427,37
326,414,37
318,436,37
334,447,37
397,463,37
330,451,37
327,462,37
347,466,37
152,456,38
162,409,38
201,361,38
242,332,38
278,317,38
197,359,38
273,343,38
262,358,38
238,369,38
202,394,38
284,377,38
267,391,38
241,400,38
210,430,38
285,415,38
265,424,38
240,429,38
218,466,38
278,450,38
260,455,38
235,459,38
423,478,37
397,429,37
365,384,37
331,354,37
301,330,37
406,355,37
335,346,37
315,372,37
321,391,37
410,389,37
329,375,37
310,402,37
319,417,37
406,427,37
325,413,37
316,436,37
333,446,37
397,464,37
329,450,37
326,462,37
346,467,37
152,456,37
163,408,37
203,361,37
246,333,37
282,317,37
198,359,37
273,344,37
263,359,37
240,371,37
203,394,37
285,377,37
267,391,37
242,401,37
210,430,37
286,414,37
266,424,37
241,429,37
219,465,37
278,449,37
259,454,37
235,459,37
420,478,37
396,429,37
364,384,37
328,357,37
297,333,37
406,356,37
335,345,37
317,371,37
324,390,37
409,389,37
327,375,37
310,402,37
319,415,37
405,427,37
324,414,37
316,436,37
333,446,37
396,464,37
328,451,37
326,462,37
346,466,37
153,457,38
162,409,38
201,360,38
242,331,38
278,315,38
197,359,38
273,343,38
261,359,38
238,370,38
201,394,38
284,377,38
266,391,38
241,400,38
209,430,38
285,414,38
265,423,38
240,429,38
218,465,38
278,449,38
260,454,38
236,458,38
424,478,37
399,430,37
366,384,37
330,355,37
300,331,37
407,356,37
335,346,37
318,372,37
326,389,37
409,389,37
327,376,37
313,402,37
324,414,37
404,427,37
324,414,37
318,436,37
336,444,37
395,464,37
328,451,37
327,462,37
348,466,37
155,453,37
161,405,37
196,355,37
231,323,37
266,306,37
198,358,37
273,341,37
260,355,37
237,366,37
203,394,37
283,376,37
266,388,37
241,396,37
210,430,37
285,414,37
265,422,37
240,426,37
219,465,37
279,449,37
261,453,37
236,457,37
422,477,37
400,426,37
371,378,37
339,345,37
313,315,37
409,356,37
338,345,37
315,369,37
318,386,37
412,390,37
329,375,37
310,401,37
317,416,37
408,428,37
327,412,37
317,434,37
333,446,37
399,464,37
330,450,37
327,460,37
345,466,37
152,452,37
158,403,37
187,352,37
215,317,37
246,297,37
198,355,37
271,341,37
258,353,37
233,363,37
203,392,37
283,376,37
266,385,37
239,393,37
211,429,37
284,413,37
265,420,37
239,424,37
219,464,37
279,448,37
262,451,37
236,455,37
426,472,37
409,424,37
386,375,37
364,338,37
347,304,37
412,356,37
342,341,37
321,364,37
324,381,37
413,389,37
333,373,37
314,398,37
322,411,37
408,426,37
328,411,37
319,432,37
335,443,37
398,463,37
330,450,37
327,459,37
346,464,37
152,456,37
156,407,37
184,353,37
210,318,37
235,292,37
196,355,37
270,339,37
259,352,37
234,363,37
202,391,37
282,374,37
265,386,37
238,394,37
210,428,37
283,412,37
263,420,37
237,424,37
219,463,37
280,446,37
262,451,37
237,455,37
424,471,37
414,423,37
395,373,37
376,335,37
361,298,37
414,357,37
345,340,37
325,362,37
330,380,37
415,390,37
334,371,37
315,396,37
323,411,37
410,427,37
329,412,37
319,432,37
336,442,37
399,463,37
331,449,37
329,459,37
350,464,37
150,454,37
154,404,37
181,352,37
206,317,37
224,287,37
193,355,37
269,339,37
259,351,37
234,362,37
199,391,37
282,375,37
265,385,37
239,393,37
208,428,37
283,412,37
264,419,37
239,423,37
217,463,37
279,445,37
262,449,37
238,453,37
426,473,37
416,426,37
401,375,37
388,336,37
384,299,37
418,357,37
347,342,37
327,363,37
332,380,37
419,390,37
337,370,37
319,394,37
327,410,37
413,427,37
332,410,37
324,431,37
341,442,37
402,463,37
333,448,37
333,458,37
355,463,37
150,457,37
154,407,37
180,353,37
203,317,37
218,286,37
192,356,37
268,339,37
258,351,37
232,362,37
200,392,37
281,374,37
264,385,37
238,393,37
209,428,37
283,411,37
263,418,37
238,423,37
218,462,37
280,445,37
263,450,37
238,453,37
427,475,37
417,427,37
403,375,37
392,335,37
390,299,37
419,355,37
346,342,37
328,364,37
335,381,37
419,388,37
336,371,37
320,395,37
329,410,37
413,426,37
332,411,37
325,431,37
343,442,37
402,463,37
334,448,37
334,458,37
356,463,37
151,456,37
154,406,37
179,353,37
199,317,37
211,285,37
193,356,37
269,339,37
257,351,37
231,361,37
201,392,37
281,374,37
263,384,37
237,392,37
210,428,37
283,411,37
263,418,37
238,422,37
220,462,37
281,445,37
263,449,37
238,453,37
427,475,37
416,426,37
404,373,37
396,334,37
400,298,37
419,356,37
347,342,37
329,365,37
335,380,37
419,389,37
337,371,37
320,395,37
329,410,37
413,427,37
332,411,37
325,431,37
343,442,37
402,465,37
334,449,37
334,458,37
356,464,37
151,459,37
154,409,37
179,353,37
199,316,37
210,283,37
193,355,37
269,339,37
257,352,37
231,362,37
201,391,37
281,374,37
264,385,37
237,393,37
210,428,37
284,410,37
264,419,37
238,424,37
220,462,37
281,445,37
264,450,37
239,454,37
425,477,38
415,428,38
403,375,38
396,334,38
400,299,38
419,356,38
348,342,38
329,365,38
335,381,38
420,389,38
337,371,38
320,395,38
329,410,38
413,427,38
332,411,38
326,432,38
343,443,38
402,464,38
334,449,38
334,459,38
356,464,38
151,456,37
154,405,37
179,351,37
197,314,37
204,281,37
193,354,37
269,338,37
258,351,37
232,361,37
200,391,37
282,374,37
264,384,37
238,392,37
209,427,37
284,410,37
264,418,37
239,423,37
219,461,37
281,444,37
263,448,37
238,452,37
429,476,37
418,427,37
404,374,37
394,334,37
394,297,37
418,356,37
346,343,37
327,366,37
332,382,37
419,389,37
337,371,37
319,395,37
327,410,37
413,427,37
332,412,37
325,432,37
343,443,37
402,464,37
334,449,37
333,459,37
355,465,37
151,457,37
154,406,37
179,351,37
196,313,37
202,280,37
194,354,37
270,339,37
257,353,37
232,363,37
201,391,37
282,373,37
264,385,37
237,393,37
211,427,37
284,410,37
264,418,37
239,423,37
220,461,37
280,444,37
263,448,37
237,452,37
427,477,37
416,428,37
401,375,37
389,335,37
387,298,37
418,356,37
346,342,37
327,366,37
333,382,37
418,388,37
337,371,37
319,396,37
328,411,37
412,426,37
333,411,37
325,432,37
342,443,37
402,463,37
335,449,37
334,459,37
355,464,37
150,455,37
154,405,37
180,351,37
201,313,37
215,281,37
194,355,37
268,339,37
256,352,37
231,362,37
202,391,37
281,374,37
264,383,37
239,391,37
211,427,37
285,410,37
266,417,37
242,421,37
221,461,37
281,444,37
264,448,37
239,451,37
427,476,37
409,425,37
386,375,37
363,337,37
348,302,37
417,354,37
345,340,37
326,365,37
332,382,37
419,388,37
337,372,37
320,398,37
329,413,37
413,425,37
333,410,37
325,432,37
342,444,37
404,462,37
335,448,37
333,459,37
354,464,37
152,454,38
156,405,38
183,350,38
208,312,38
224,280,38
194,353,38
269,340,38
258,351,38
232,361,38
201,390,38
282,374,38
265,384,38
240,390,38
210,426,38
284,410,38
265,417,38
241,421,38
220,460,38
281,445,38
264,448,38
239,450,38
425,478,37
406,428,37
380,377,37
354,341,37
337,306,37
415,355,37
344,341,37
326,367,37
332,384,37
417,388,37
336,372,37
320,398,37
330,413,37
411,425,37
332,410,37
325,433,37
342,444,37
402,462,37
335,448,37
333,460,37
354,464,37
154,452,38
158,403,38
186,350,38
213,313,38
239,287,38
196,354,38
270,340,38
258,350,38
233,360,38
203,391,38
282,374,38
265,382,38
241,389,38
211,428,38
284,410,38
265,416,38
241,420,38
221,462,38
281,445,38
263,448,38
239,450,38
425,481,37
402,431,37
373,381,37
344,347,37
321,314,37
413,355,37
342,346,37
325,372,37
331,388,37
415,387,37
336,374,37
320,401,37
329,415,37
411,425,37
332,413,37
325,435,37
341,445,37
401,461,37
335,449,37
333,461,37
354,465,37
154,449,37
160,401,37
189,349,37
217,314,37
247,291,37
197,352,37
271,339,37
259,351,37
234,360,37
202,389,37
282,373,37
266,383,37
241,390,37
210,426,37
283,410,37
263,417,37
239,421,37
219,461,37
279,445,37
262,448,37
238,451,37
423,479,37
402,428,37
373,380,37
342,347,37
317,315,37
413,355,37
341,348,37
322,374,37
329,390,37
417,389,37
335,377,37
320,404,37
329,417,37
412,426,37
331,414,37
324,435,37
341,446,37
403,463,37
335,448,37
334,460,37
354,465,37
155,448,38
162,400,38
193,349,38
223,315,38
252,293,38
196,353,38
272,339,38
261,352,38
236,361,38
201,390,38
283,373,38
267,383,38
242,390,38
208,427,38
283,410,38
264,417,38
240,421,38
217,461,38
279,445,38
263,448,38
238,451,38
425,479,37
403,429,37
373,381,37
341,347,37
316,316,37
413,355,37
342,348,37
323,374,37
330,391,37
416,388,37
335,377,37
321,404,37
331,418,37
412,425,37
331,413,37
324,436,37
341,446,37
402,461,37
335,449,37
333,460,37
353,466,37
156,450,38
162,404,38
197,354,38
231,322,38
262,299,38
197,353,38
273,339,38
262,354,38
238,364,38
202,388,38
283,373,38
266,386,38
242,393,38
210,426,38
284,410,38
264,419,38
240,423,38
219,461,38
278,445,38
262,449,38
238,452,38
426,477,37
404,427,37
373,380,37
341,347,37
315,315,37
414,355,37
343,348,37
323,374,37
328,391,37
417,389,37
336,377,37
320,403,37
329,417,37
413,426,37
332,413,37
325,435,37
342,445,37
403,462,37
336,448,37
335,459,37
355,465,37
